date,merchant,amount
7 Feb 19,target  store,877.62
8/24/2020,Netflix LTD .*,"USD 1,677.76"
08/31/2023,POS  DOoRdash  [AUTO],"2,459.43 USD "
Oct 29th 20,PAYPAL*Wal-Mart,"USD2,312.48"
18-01-19,SQ*uber technologies ," 1,922.59"
2025-12-12, UBER-google *services,USD15.70
Apr 22 2022,Shell Oil,USD1616.56
Aug 22 2021, Target,$2345.45
2022-12-17,LYft ridE ,USD249
2022-11-28,#TARGET  ,"1,961.97"
6/29/2024, Walmart Supercentea [AUTO] (EATS) ,12
Jul 19th 22,#mAcY's,1393.85 
20 Nov 2025,UBER-LrFT ," $ 1,668.59"
2019-10-8, lYFT Ride," USD2,281.08"
08/27/2022,shell,"USD1,473.69"
06-02-19,Target ,261.71 USD
Mar 29 2025,UBER,USD 1527.84
13-3-25,GOOGLE *SERVICES (ONLINE),627.59USD
Mar 05 2020,lyft *PMT,$ 1156
9 Dec 22,Shel,"$ 1,428.00"
2/21/2025,  #walmart  [AUTO], 542.75 USD
17 Nov 22,CHIPOTLE (),"USD1,560.46"
19 Feb 19, GYM MEMBERSHIP (ONLINE),$1740.85 
Aug 26th 20, INSTACART(EATS).COM,1151.46 USD
2024-03-06,PAYPAL*SELL (ONLINE),"$ 1,813"
Jul 21st 24,#cqsTcO WHolESAle INC,543.65 USD
2025-05-14,PAYPAL*INSTaCaRT () ,"USD 2,125.39"
11/10/2021,[TRIP]  #HoMe  DEpot,1338.33 USD
12/15/2019,UBER-Target,"1,749.77 USD"
Mar 24 2023,SPOTIFY  PMNT  (ONLINE,"USD 1,702.96"
Mar 27th 22,UBER-UBER,$322
03-05-22,#McdonALD'SV*PMT,$1832.21
18-8-21,INSTACART  INC,USD50.43
30 Nov 2025,tARGet  sTORE.COM,877
May 23rd 19,Apple  Services,"USD 1,747.30"
9/4/2020,oCH INSTACART.COM,$1017.74 
Dec 29th 25,Mcd,$821.15
20 Dec 24,Googxe *Services,USD -2361.63
2025-5-29,shell ?oil,USD 696
2022-5-15, () PAYPAL*Target (ONLINE),"1,746.70 USD"
14 Feb 2021,ACH  doordash,"1,212.57"
17 Jan 2019,AiRBNB paY,"USD 1,454.58"
2019-06-28,TARGET ,"1,175.38USD"
2/11/2020,POS  citY  uTiliTIeS,"USD 2,149.77"
28-9-24, #COSTCO WHOLESALE ,1591.57
May 16th 21,[]  ubEr  (ONLINE),"$1,653"
08/16/2020,shell oLl ,"USD 2,169.48 "
3 Nov 2024,hoMe depOT INC ?,544.34
Apr 28th 24,SQ*Am?zN [AUTO] ,USD 1270.36
2020-03-26, .* Lyft (ONLINE),USD148.88 
15 Feb 2024,ACH  UBER  TECHNOLOGIES,"2,078.48USD"
29 May 2020,Istacart (ONLINE),2125.01
Jul 26 2025,home depot," $ 1,403.54"
Aug 22nd 19,costco,395.68USD
6/3/2019,PAYPAL*AIRBNj,"USD 1,075.18"
Jun 9 2021,MCD,"1,193USD"
9/13/2022,CAR WASH KRO,493.57
Feb 14th 22,NETFLIX,"USD 2,182.90"
30-01-22,UBER-TARGET ,$2495.33
Dec 18 2022,#bes.*UBRt  buy  ," 1,448.91"
28-08-22,UBEl-AMzN,86USD
20-10-24,#mcd *PMT,1157 USD
6 May 19,Shell  Oil,USD -904.98
Nov 26th 24,ACH WaLmArT,-1894.82USD
2020-11-10,UBER-Doordash*Order,USD 1725.66
6/15/2019,lyft ride *PMT ,$ 55.10
Jun 9th 21,google *services,$ 325.74
5-2-20,SQ*AMAzoV  MarKeTplacE  (ONLINE),USD 1880 
2022-12-12,#gOOGlE *sErVICEs INC [] ,246.31 USD
2022-09-08,LYFT RIDZ,1566.07USD
2023-7-13,wal-mart,"$ 2,480.50"
21 Oct 2021,ACH spotify,$ 622.85
16 Aug 21,UBER-DOorDAsh.COM,"-1,367.01"
14-2-21,Macy'S (ONLINE),"$-1,705.53"
02/18/2025,CAR WASH PRO ,"USD 2,012.57"
2019-12-3,POS COSTCO,USD1845
3/1/2019, UBER-AmAzoN MarkETPlaCe INC,-59.41
28-12-21, cOsTcO LTD,2146.63
5 Aug 2023,SPOTIFY *PMT,USD407.99
2020-02-03,INSTACART,1564.91
Jun 18th 19,costco  wholesale,1292.93
Mar 05 2025,spotify [AUTO],"USD2,160.27"
24 Dec 22,? lFft.COM,$ 1312.28
12 Mar 24,PAYPAL*wALMaRt SUpeRCeNTeR ,$ 1843.49
Sep 09 2024,mcdONALd's LTD,987.58
4/7/2023,  Costco  Wholesale  ?  ,377.21 USD
09-11-24, mcdonald's,"$ 1,554"
7-2-24,  tarbucks  ,"USD2,267.17"
16-5-19,UBer EaTs ,"USD1,037"
07/23/2021, doorDash*ORDEr ,84
14 Jul 2024,Mcdonalds," $ 1,583.28"
03/02/2024,macy's,"1,128.83 "
1 Dec 23,CAR  WASH  PRO  [AUTO],338.78USD
Nov 20th 25, INSTACART LTD ,311.45 USD
2023-05-17,StArBUcs .*UBR ,$ 1663
Apr 27th 25,#TARGET,2458.17
Jul 29th 19,  UBER-GOOGLE  PLAY  [AUTO],1858.76 USD
23 Oct 21,ubr,$1532.32
2019-07-20,ACH  OORDASH,USD 116
Mar 9th 20,PAYPAL*google [AUTO],1582.30
Dec 22nd 24,SQ*InSTaLart,USD405.11
2020-8-5,doordash,350.95 USD
2020-7-28,shell gas,USD 786.62
8 Apr 22, SQ*lyft [AUTO],645.77USD
08/30/2023,ACH Spotify Pmnt,"1,248.26"
03/20/2020,POS tarGet stORE (ONLIVE) ," $ 1,386.07"
25 Aug 22,costco?  ," USD 1,476.76"
12 Nov 2020,Mcdonald'S.COM,"1,293.13USD"
2022-10-14,ACH  TARGET  STORE  LTD,USD 220.91
Feb 19 2025, Apple Services,592.05
Nov 30th 21,mCd  ,1147.48
19-11-21,UberO*Trip,USD1349.05
12/10/2025,Netflix,1059.40
2020-02-29,starbucks coffee.COM .*UBR,$ 237.31
2024-1-29,UBER-iNstaCaRT,USD423.53
29 Oct 20,  POS  LYFT,"USD 2,007.46"
09-03-25,Instacart,"-1,890.09USD "
2020-02-26,NETLIX,"USD 1,832.09"
2 Aug 2019,Spotify PmNt.COM ,"1,410.40"
01/13/2025,NETFLIX.COM,$ 754
9 Jul 2022,UBER-lyft.COM,"1,999.37"
5 Sep 20,#HOME DepOT LTD,"$2,326.85"
31 Mar 23,amzn  LTD,USD1868.21
Jul 27th 23,UBER-STARBUCKS INC ,608.28USD
Mar 22 2020, spotify pmnt,2428 USD
24 Oct 19,  ACH  doodash, USD 2327.38
Dec 28 2024,ACH LYFT rIDE,"$1,732.24"
1 Mar 2023, [] Starbucks Coffee LTD,744.63 USD
02/07/2021,#UBER *TRIP, USD 2470.75
Sep 17 2021,PAYPAL*costco  wholesale,265 USD
2024-07-12,UBER-google  play,"1,283 "
Oct 30 2020,  UBER-mcoonalds  (ONLINE)  ,$ 950.54
Nov 22 2019,Mcdonald'S [AUTO],623 USD
4/2/2019,AYPAL*netflix,1365.98
12/12/2020,SQ*aPPlE.COm/BIll, 84.07 USD
2/7/2019,#dOoRDasH *PMT," 1,016.21 USD"
Sep 16th 23,amazon,USD216.00
2025-10-6,Uber ,"USD2,194"
Jan 28 2022,Target Store,"2,168.32 USD"
24-6-21,UBER-Uber Technologie,955.03
2025-4-16,Netflix *PMT ,USD232
04-02-20,PAYPAL*uber  *trip,"2,183"
12/2/2020, PAYPAL*uber *trip INC,964
20-07-22, SQ*Airbnb [AUTO],$-17.85
Apr 9 2021,SPOTIFY,594.30
May 9th 24,pQ*shell  gas  INC,"$ 1,243.36"
Mar 1 2023,SQ*DOORDASH.OM .*UBR,"$2,052.43"
21 Jan 19,SQ*netflix.com,2251.04USD 
Apr 18 2019,PAYPAL*Doorash INC ?,"1,013.11USD"
Feb 5th 23,Airbnb,"1,793 USD"
04-06-24,ACH  BEST  BUY,USD 201.23
14-9-19, PAYPAL*NetFliX,"-1,329.79"
Oct 30 2024,MCD INC,949.31USD
06/05/2023,#macy's [AUTO],228.37
3/20/2020,#Instacart,1433.15
11/30/2021, SQ*TARGET STORE,1398.97 USD
5/12/2019,doordash*order,"USD1,088.91"
10-07-25,ACQ netflix.com,"1,823 USD"
2024-6-28,Walmhrt ,"USD2,051"
06/24/2020,UBER-instacart," USD -1,841.68"
19-07-19,DooRDasH.COM, 237.23 USD
20 Jul 23,DoORdASH*ORDer,356.16
Aug 24 2024, POS dOorDash*orDer [AUTO],USD 956.30
22-03-23,POS  COSTCO  *PMT,"1,188.69USD "
Jun 7 2023,  Shell  []Gas,"1,912.04 USD"
13 Jun 23,#BEST  BUY  [AUTO], -720.60
2019-2-22,Airbnb,2390.27
Sep 08 2024,olve garden ,"2,333 "
Jan 29 2021,Uber,542.19
Jul 05 2023,[]  doordash,"1,714.08USD"
Mar 04 2020,UBER-City Utilities,"USD 1,725.11 "
18 Mar 2019,.*UBR#GOOGLE *SERVICES LTD,804.58
Dec 20th 25,Doordash*Order.COM,"2,217.12"
Jul 21 2019,MCDONALDS ,"1,162.66 USD"
16-02-19,uber.COM,1686
26 Mar 2020,hOmE Dpot,1418.05 
29 Feb 2024,[] NETFLIX,"1,963.15USD"
2023-06-01,UER-TARGET INC,"1,115.52"
05/07/2023,UBER-McdOnALDs ,1139
2023-05-07,()  neTflix.com,USD 2063
2025-02-27,.* AIRBNB,USD648.80
Oct 20 2019,MCONALD'S,USD90.80
01/10/2023,UBER-spOTiFy  ,-1922.96
Jun 20 2023,uber INC ,$ 1751.28
Dec 22nd 25,wal-mart  (ONLINE),112
22-9-24,target  store  INC,-2132.21
Sep 16th 25,google play [AUTO],$2453.83
25 May 25,Costco Wholesal,USD973
24-10-22,BEst  BuY  *PMT, 364.29 USD
25 Mar 2021,uber,USD 621.48
23 Feb 19,#TARGET STORE (EATS) ,2320.44USD
13-12-19, Amazon INC ," 1,299 "
Sep 25th 21,apple ,"USD1,622"
09/01/2022,SQ*tARGet sOrE,1749.38 
2025-10-16,POS costco wholesale INC,151.89USD
Nov 24th 25, Uber Eats [AUTO],USD 372.49
03-04-25,POS Uber *Trip ,1334.41 USD
29-06-21,WAL-MART *PMT,"2,142.14"
23-04-25,UBer EATS.COM,1886.13
Feb 6th 24,SpoTI[TRIP]fy (ONLINE),889.09
Nov 23 2022,POS best buy +,297.46
26 Dec 2024,#STARUCKS,"USD1,128.52 "
21-10-20,costco  ,2488.01 USD
02-06-25,lyft  , $1928.46
11/1/2020,YFT *P(EATS)MT,$88
May 13 2024,lyft ride ?,1264 USD
Feb 23 2023,uber  *trip  ?,$ 412.19
04-11-23,Uber Eat.*UBRs, USD505.31
Apr 13th 20,aarGet  INC,249.59 
Jun 30th 25,AMZN,USD 121.03
2022-07-05,SQ*lyft,1966
Apr 18th 24,TaRGET,579.55 
Jan 2nd 21,PAYPAL*CHIPOTLE  *PMT,2375.32 USD
Feb 5 2021, [TRIP] Spotify Pmnt,1782.03USD
5/31/2019,HOME DEPOT, USD712.83
22-04-21,gym membership,2464.03 USD
2021-03-17,PAYPAL*aIrbnB PaY,"USD1,177.57"
25-12-22,cVty utilities," $1,095.01 "
Mar 30 2020,SpOtIFy,"1,536.88USD"
Feb 26 2025, Apple Services.COM [],"2,012.92"
2020-02-23, ACH shell gas ,$ 622.70 
2023-5-20,google *services ,$-704.53
10/20/2025,UBER-Starbucks Coffee [TRIP],$ 841.27
23 Oct 2024,?  applE  serViCeS  (ONLINE),USD2200.48
8/26/2025,UBER-LyFT  rIdE  INC,717.92
Dec 18th 23,  .*UBR  Amzn,$1206.59
Nov 26 2022,SQ*APPLE  ,980.73
01/09/2024, oogle *services,1194.66
29 Aug 23,SQ*Apple.Com/Bilm,USD 951
Aug 4 2022,Spotify,"$ -2,222"
Aug 26th 19,ACH  AMZN,240.01USD
15-04-23, POS starbucks ,-1863.34
Aug 30th 24,SPOTIFY,1374 USD
2022-04-22,ACH  Amazon  Marketplace,$ 871.48
5 Apr 2021,Car Wash PrU,1188.83 USD
03-03-22,  APPLE.COMRBILL  ?,"USD2,481.42"
7 Sep 2025,PAYPAL*instacart,"2,308.94"
Aug 25th 24,aMZN,1913
8/17/2023,Uber *Trip ,-1957.76USD
Jun 14 2019,NetfliK,USD 1487.87
Aug 9th 19,POS doordash.COM,270.39 USD
2021-2-6,airbnb , $2156
01-08-24,PAYPA*SHELL GAS,"USD1,413.23"
30-8-24,ACH UBER *TRIP ,"USD 2,357.33"
2023-10-20,UBER-Apple  [AUTO],$404
Aug 1st 19,  STARBUCKS.COM  ,1111.07 USD
2019-12-28,Netflix.COM, 1076.90
Dec 31 2020,UBER-DOORDASH.COM,USD1400.52
9 Jun 2024, ACH ShEll,USD2222
Oct 6th 24,POS  panda  express  (ONLINE),$791.89 
2022-01-25,?  AIRBNB  [AUTO],$ 750
10/12/2022,#Gym  mEmBERsHIp,251.78USD 
18 Jul 2022,TARGET  STORE  [AUTO],"1,070.17"
2019-07-13,POS Costco Wholesale,"USD1,026"
02/18/2024,SQ*spotify,USD 1074
15 Jan 20,() SPOTIFY, 1023.55
4 May 22,Wal-Mart,USD1157
22 Mar 24, starblcks,$948.78
Apr 7th 21, ACH LYFT rIDE,944
Aug 24th 24,Amazon.*UBR INC,$ -881.73
Sep 9th 19,apple.COM,$ 2321.00
Nov 16 2019,POS LYFt ride,$231.14
Jan 25th 25,Q*SPOTIFY  ?PMNT.COM,686 USD
Mar 22 2019,  Olive  Garden  ,"1,928"
15 Apr 2020,UBER-LOWE'S,"USD 1,646.57 "
Jul 27 2021,  instacart,"2,146.68USD"
2024-3-12,Netflix.Com *PMT,1501.43USD
01/17/2024,PAYPAL*GOOGLE,"1,965"
Jul 12 2025,STRBUCKS [],1041.25 USD
29 Jul 25,PAYPAL*Airbnb Pay (ONLINE),"2,069"
Nov 05 2019, SQ*Uber LTD ,USD 411.50 
03-01-20,  Target," $2,010"
27-3-21,SQ*spotify,-155.95 
Mar 13th 24,NETFLI.COM,"1,025.25 "
28-02-22,  Spotify  Pmnt,2298.82 USD
Jun 19 2022,spotify pmnt [AUTO] (),$603.68
07/25/2022,PAYPAL*HOME  DEPOT," USD1,671.35"
2025-10-13,COSTC WHOLESALE ,USD942 
Apr 20th 23,#GyM Membership,"2,341.94"
22 Feb 21,sTarbUCks,$ -536
Sep 11 2021,DOORRASH.COM ,$ 1806.71 
12/01/2024,(EATS)  PAYPAL*Instacart, 1983.62
2023-10-26,AMAZON,$1374.67 
21 Sep 19,spotify pmnt *PMT,1273USD
8/29/2023,Uber,"1,993.94"
Jun 6th 21,OMe dEPoT,$474.37
Sep 25th 20,CiTy utIlItiES, 1400.83
May 4th 24,SQ*Airbnb,"1,780USD"
14-08-25,CHpPOtLe,"2,160.29"
Oct 6 2019,WAl-MaRT  ,"2,395.92 USD"
6 Oct 25,PAYPAL*AMAZON  ,USD1365.94
06-03-25,SPOTIFY  AUTO]  .*,"$ 2,297.29 "
5/14/2020,SQ*Airbnb,$1416.12
2023-11-23,BEST BUY,USD157
25-07-21,aIrBTB,2206.85 USD
2021-1-25,Target.COM,124.91
17 Nov 2024,SQ*CHIPO()TLE,"USD2,366.48"
31-03-19, POS starbucks,"-2,091.92 USD"
26 Oct 24,ACH google *services LTD,$ 1891.53
2019-10-21, starbucks .*,"USD1,846 "
16-06-21,#GOOgle  (ONLINE),"USD1,610.03"
2/4/2025,UBER-target,USD424.54 
16-09-23,Apple  [AUTO],"1,427.42 USD"
06/11/2022,NeTFLIx.OM,$674.41
10/24/2021,UBER-COSTCO,447.16
Aug 10 2019, lyft ride ,1266.61 USD
2025-01-28,ACH spOTIFY,$1548.88
2022-9-3,mcdonald's,351.06
Feb 20 2019, SQ*instacart,$2324
Feb 17 2024,COSTCO ,"$ 1,744.43"
7 Sep 2021,Target  (ONLINE), 742.14USD
Apr 23rd 23,STARBUCKS COFFEE INC ,2173.99
2024-4-4,WAL-MART,"USD 2,447.59"
13 Sep 25,SHELL LTD ,$37.27
Dec 9th 21,GOOGLE.COM," $1,263.33"
11/15/2023, Best Buy [AUTO] .*,"2,127.99"
Sep 22nd 21,(EATS) Walmart,"USD 1,070"
24 Jul 2019, WALMART,-449.26USD
16-11-24, CITY UTILITIES ,USD815
2019-1-28,spOtiFy ,724.30
27 Jul 23,ACH APPLE,2462
7-6-24,ACH  sTArbuCkS,770
2019-2-26,aMazoN MaRkeTpLace (ONLINE?),474.96USD
Sep 28th 23,  ACH  UBER  TECHNOLOGIES,"1,761.64"
21 Apr 25,MACY'S  ,924.63USD
06-12-20,  #SPOTIFY,USD 842.37
3 Nov 2024,#nETflix ,1291.25 USD
02/11/2022,A[TRIP]PPLE  ,$ 1783.71 
Jan 10th 21, [TRIP] coStCO LTD,"USD 1,056"
Jul 25th 20,insta[TRIP]car  INC,USD265.19
2022-05-26,CHIPOTLE,$1420.91
2024-1-24,Target (ONLINE),800.25USD
2021-02-20,  #AMAZON  [AUTO]," 1,198.43"
3 Jan 19,(EATS) POS AIBNB,1279.71
10/29/2020, SQ*starbucks [AUTO],$296.68
9/15/2020,  UBER-Google  Play  INC," $ 1,858.86"
08-06-19,SHELL GAu,$ -1125.81
Nov 2 2025,DOORDASH*ORDER,77.75 USD
2021-10-16,PAYPAL*doordash [AUTO] ,632.89
21-11-20,INSTACART (),"1,651.87"
3/20/2025, ACH Sarbucks Coffee *PMT," 1,363.45USD"
10 Jun 2019,POS Amzn,$837.97
8 Nov 2024,ACH  nstacart,2130.35
06/28/2019,ACH  CstCO  WhOlesAle,2271.55
10-6-24,NetfLIx ,1668
10/3/2021,shell  gas  [AUTO],1515 
7-11-24,Uber  *triP  [AUTO]  ,"2,388.23"
Jul 1st 25,s()otify,"2,374"
27-07-22,Instacart,USD 609
May 2nd 25,lYft  RIdE  LTD, -470.48
31 Jan 25,ACH apple(),$ -1205.87
2019-3-23,SQ*TARGET StOR .*UBR,2481
2023-01-29,amaz(EATS)on,2164.08
Aug 05 2022,ACH SUSHI hOUSE .*,1796.46
Apr 26th 19,[]  shell,1899.82USD
Feb 21st 23,costco  wholesale  *PMT,"$1,070.70"
May 01 2024,MACY'S  ,USD582 
22 Sep 23,SHELL GAS,"$-2,082.93"
Jun 28 2022,shell.*UBR gas.COM,"1,170.89USD"
05/27/2020,.* coStCo wHOLEsALe LTD, USD628.65
2/16/2020,TArGET SToRe,565.11USD
2019-07-24,NETFLiX,-550.70
07/08/2020,SQ*Azn,715.03
Aug 12 2020,SQ*AIRBNB,964.41USD
12/14/2024, #STARBUCKS,$ 868
Sep 24th 22,PAYPAL*apple.com/bill (),"1,595.51USD"
9-7-25,SPOTIFY  PMNT,"2,024.61 "
02/26/2021,#GYM MEMBERSHIP,$ 1792.71
4/22/2023, PAYPAL*PANDA EXPRESS [AUTO],155.96
Aug 02 2025,MCD ,615 USD
Nov 19 2022,GOOgLe *sErvicES *PMT,"1,387USD"
2021-3-28,Home  Deot  *PMT,"$1,781.03"
Sep 25th 19,ACH Apple.Com/Bill ,"$ 1,680.14"
Jul 11th 21,DOORDASH,"2,454.55USD"
Dec 02 2021,+ WAL-MART ,USD 1571.99
Oct 1st 19,#Apple.Com/Bill,$31
2019-04-18,SQ*INSTACART  *PMT,"USD 1,804.88"
22 Jul 19,(EATS) PAYPAL*aPpLe,47.30USD
Oct 22nd 22,  SQ*UBER.COM,USD 5.02
Apr 22nd 23, walmart,USD788.06
25-7-23,McdOnAlDS,$ 2362.19
2023-5-13,Uber *Trip, 1793.65 USD
6 Aug 2019,LOwe'S ,1714.03 USD
Mar 30th 19,+ GYM MEMBERSHIP ,USD207.86
Mar 25th 24,shell gas.*.COM,"$1,870.06"
08/04/2019,STARBUCKS," 1,041 USD"
2024-02-22,ACH TARGET STO.*UBRRE [AUTO] ,USD1553.11
Aug 3 2020,UBER-google  play,"1,761.18USD"
Apr 14th 24, ACH APPLE SERVICES.COM ,USD1370.60
2020-05-16, PO Spotify.COM,1647USD
24-01-20,  NEtfLIx.cOM  ,USD -948
Apr 20th 21, ACH STArBuCkS CofFEE ,$ 728.13
2021-5-24,Starbucks,2074.01USD 
Feb 4 2024,.*UBR  CITY  UTILITIES  ,USD767
Jun 26 2020,COSTCO," 1,161.34"
Oct 4th 21,LOWE'S , 1313
Apr 17th 20, SHELL, USD134.45
15 Sep 2020,?  HOME  DEPOT,396 USD
10/15/2020,Costco ,"$2,253.67"
30-4-20,amzn ,1176.11
1/17/2020,SQ*Doordash (ONLINE),1816.60
24-06-24,lzwe's,252.20
12/29/2021,aMZN,1569.19
22 Sep 22,Spotify,693.13
Jul 7th 23, MCDONALD'S *PMT ,$ 188.25
Oct 12th 23,APPLE.COM/BILL (ONLINE),$ 125.83
May 23rd 24,GOOGLE  [AUTO], $ 130.22
3 Jun 2023,Sushi House,"1,564.15 USD"
2022-09-02,SQ*ubeR," 1,075.46USD"
02/10/2020,doordath (ONLINE),"$1,899.99"
Dec 12th 21, neTFliX,"$1,552.24"
28 Jan 2020,uber,$ 10
4 Sep 20,AIRBNB,2320.85
02/07/2025, Wl-Mart,566USD
2019-01-01,POS City Utilities.COM,"1,131.18"
Apr 29 2023,ACH  instacart  ,"$1,588.49 "
May 14 2022,UBER-CosTCo  LTD  ,1259.82 USD
04/05/2021, goOGlE play [AUTO] .*UBR ,"$ 1,566.44"
2020-04-30,ACH stARbuCKs (ONLINE),610.67
3/29/2020,PAYPAL*GOOGLE ,1004.78
Apr 15th 21,ama.*UBRzon.COM ,769.08 USD
10/7/2020,PAYPAL*sushi house,$2145.33 
Aug 29th 22,shell oil , USD 923.16 
Mar 18 2021,Spotifa,1606.59
11/26/2023,city  utilities  ,USD -606.53
31-7-21,doordas," 1,951"
Jan 22nd 24,city utilit()ies,2111.86
01/26/2024, sushihouse,382.21 USD
10/06/2024,SHELL GAS.COM,144.20 USD
Feb 18 2023,Shell  Oil  LTD,"-1,226.15"
7-3-22, wal-MART *PMT,"$2,465.16"
Sep 20 2024,STARBUCKS  COFFEE,1973.98
Jun 10 2022,apple.com/bill ,620
15 Jul 2022, ZALMART,25.16
2021-04-20,SQ*STARBUCKS COFFEE (ONLINE),"-1,735"
9/9/2020,SCOTIFY ,$125.22
2/9/2025,LYT, USD1786
31-01-20,POS INStacARt *PMT," $1,263.69"
Mar 11 2019,PAYPAL*WALMART  (ONLINE), $1202.28 
Dec 16 2025,mc  LTD,1544.57 USD
Oct 27 2019,POS target store,"$ 2,140.85"
2023-03-10,mCDoNals,"$2,246.35"
10-4-21,#Spotify ,-2350 USD
Jun 27 2022,Macy'S,USD 2480.56
26 Dec 2021, APP+LE.COM/BLL,$ 356.12
10 Apr 19,ACH  mcdonald's  LTD,"USD1,479.82"
08/25/2023,INSTACART *PMT,$ 451.00
Nov 21st 22,PAYPAL*apple.com/bill [AUTO] [],USD 1600.21
2025-12-15,CostCO WholesaLep*PMT,445.40
09/18/2020,Costco Wholesale, 210
Jun 18th 20,#Go()ogle *PMT,$1341
Oct 24 2023,Instacart,"2,469.30"
Oct 03 2019,UBER-ubeR TeCHnOlOGIES [UTO] ,"2,073"
8 Oct 25,Shell Oil,$ 58.65
19 Apr 2024,lYFt,$843.25
May 13 2021, uber eatsINC,915.22USD 
Oct 16 2024,PAYPDL*APPLE.COM/BILL,$ 142.51
2025-03-19, ? WALMART SUPERCENTE ,1934.00
Feb 26th 21,PAYPAL*Lyft Ride,1307.00
May 21 2021, [] Home Depot ,326.29
23-11-25,PAYPAL*SPOTiFY  pmnt,748 USD
5/17/2022,ACH Amazon Marketplace," 2,105.90"
2025-12-26,google services,2104.14USD
16-12-24,#Starbucks *PMT ,2108.19 USD
Apr 6 2025,woogle play INC (),"USD1,142.54"
30-4-22,SQ*aiRBZB PAY,"USD -1,607.47"
2022-6-24,INsTACART,$1471
May 13th 24, SQ*TARGET *PMT,"$ 2,024.33"
10/04/2025,POS  STaRbUcKS  coFFEE  [AUTO],1783 USD
Oct 29th 25, ACH INSTACART,859.19USD
21-08-22, (EATS) ACH TARGET ,"2,469.57"
8/30/2025,PAYPAL*ApPLE SeRVIcES,"$1,430.12"
Oct 12 2020,SUSHI HOUSE.COM,"USD1,034.57"
Mar 18th 24,wal-mart  LTD, 5.01 USD
2021-02-25,UBER-DOORDASH*ORDER  ,"1,488.03"
2022-01-03,UByR-GOOGLE +,"1,034 USD"
May 24 2023,PAYPAL*Apple  (ONLINE)  ,667.06 USD
Aug 1st 19,UBER-Spotify,1634.15 
30 Jun 21,Best Buy [AUTO],707.63
23 Apr 2023,lyft  riIe  *PMT,USD 215.86
Aug 2nd 21,lyft ride,USD346
5 Jan 2023,DooRDASH,920.46 USD
01/03/2019, instacart,$545.87
30-12-25,SHELL (ONLINE), -1377.40USD
Jan 28 2021,  instacart  *PT,"2,193"
21-7-24,WaLMart,USD 883 
Jan 12th 24,PAYPALSTaRbUcKs (ONLINE) ,$1670.75
Dec 29th 21,?  Airbnb  Pay  INC  ,USD 1321.33
Oct 8th 19,POS DoORDAs.*UBRh INC ,737.04
1 May 2025,MDONALDS,"1,122.20USD"
Nov 16th 22,GOOgLE  Plaa  (ONLINE),"$1,260.71"
24 Mar 2025,ACH mcdonald's,966.77
29-10-25,COSTCO WHOLESALE +,959.12 
Jul 5th 21,gym  membership," $ 1,277"
2020-8-10,GOOGLE PLAY,773.46 USD
2020-6-12,Arbnb,$1172.62
11/9/2023,UBER-costco wholesale INC,$ 1056
10 Apr 2022, [TRIP] PAYPAL*appLe ServiceS *PMT,"2,238.84 USD"
2020-10-08,MCD? ,USD981.35
8 Sep 20,?  InStAcarT,$117.86
9-12-21,YFT,USD842.57 
2025-6-2,S*target,USD 385.93
18-05-24,APPLE.COM/BILL,1005.01USD
May 25 2022,  Costco  Wholes[]ale,"$1,892.95"
03-07-19,  WaLmart  SupevCeNTeR,"$1,920"
May 17 2025,#Doordash*Order  INC,$ 715.07
27-12-23,UBER-Airbnb,"2,031.04 "
4 Nov 24,Apple.Com/Bill  LTD  ,241.36
16 Mar 2020,Shell  Gas  ,387.61 USD
15-11-20,[TRIP]  apPlE  SerVICeS  INC,708 USD
2021-05-31,SQ*SPOTIFY LTD,351.24 USD
Jul 18 2022,[] Doordash *PMT,"$1,588.47"
2023-12-5,  best  buy  (ONLINE),"1,253.88 USD"
Jun 09 2023,doordash,"1,968.28 "
29-6-25,MACY'S ,"1,082"
25-6-19,PAYPAL*[TRIP]airbnb pay,$ 817.78 
10/01/2023,spotify  *PMT,USD951.01
2022-08-10,Instacart,306.61 USD
2024-8-10,SHELL (ONLINE),"2,345.12 USD"
30 Apr 21,etflix LTD ,$586.53
12/07/2024,cOsTco wHOleSalE,$ 716.31
Jul 30 2020,POS  Doordash  INC,"1,920.97"
21-06-25, #WAL-MAR,837.09
29 Jul 20,starbucks LTD, 728
Nov 09 2023,OliveGarden,USD884.18
21 Nov 19, #DOORDASH*ORDER [AUTO] +,"$ 2,249.23"
Dec 28th 24,ACH amAzO+t,"1,805.96 USD"
19-12-22,City Utilities,208.80
Aug 24 2019,PAYPAL*target,USD 28.11
06-06-23,Starbucks,USD676
Apr 25 2025,Costco  Wholesale,704.59
2019-10-10,.* car wash pro (ONLINE) ,521.19
Apr 24th 19,  Apple.Com/Bil, 1718 USD
Nov 24 2024,suSHi hOUSe ,$ 433.05
20 May 2019,Olive Garden [AUTO],USD 2040.22
2 Apr 23,WAL-MART,441.05 
12/19/2020,POS costco ,1436.38 USD
Nov 15 2021,Mcdonald .*,"$ 1,607.76"
8 Sep 21,NeTfLIX,USD1404.23
02-07-24,LYft rIde ZTD,"1,246.84 USD"
Dec 29 2021,TaRGeT StORE,USD91.56
07/27/2022,shell as LTD,"1,062.00"
Dec 24 2022,Doordas .*,425.62
01/03/2025,Wal-Mar,2009.15USD
01/12/2025,PAYPAL*Apple.Com/Bill,$ 2450.93 
25-05-20,NETfLIX.COM,"1,812.32"
2025-3-3,POS AMZN,1456.44
26 Oct 2019, PAYPAL*AIRBNB ,2284.45
20-01-25,POS  Aibnb  Pay,$ 824.09
Aug 29 2021,  ?  TARGET  STORE  LTD,"2,388.28"
08/23/2023,APTle.Com/bilL LTD ,USD1873.79
Mar 11th 23,netflix,1259.83 USD
Nov 02 2022,  shell  gas,1255.17
Oct 08 2024, amzn INC,$ 1314
Apr 29th 19,  WalMart  *PMT,$1627.12
Nov 9 2023,  .*  #Lyft  Ride  [AUTO]  , 2147 USD
Apr 8 2025, waT-mart,"2,303.16"
24 Mar 19,  home  (EATS)depot,368.23
7/30/2023,MCDONALDS,$-1590.96
3/31/2019,GyM ?MemberSHip,532.93
May 30 2023,POS  Lyft  Ride  INC, $ 137.50
Mar 20 2025,WALMART SUPERCENTER *PMT,402
2020-01-22,Gym Membership ,1555.87 USD
Feb 25 2019,instauart,$ 1692.66
Jun 5th 25,App(EATS)le,536.05 USD
21-02-20,ARAZON,USD 932.62
16 Aug 21,Target Store [AUTO],$ 2434.24
2019-05-02,  POS  city  utilities  LTD  [],"1,665.98USD"
Jan 17th 21,#mcM,USD2385.96
Oct 27 2024,instacart (ONLINE),USD 1933.66
2020-10-08,macy' ,"1,803.13USD"
02-02-20,PAYPAL*HOME DEPOT,"USD 1,794.50"
Sep 19th 24,ACH city utilities, 1153.41USD
Jun 19 2020, SQ*TARget ()StoRe,USD 832.10 
Aug 6th 22, .* AH uber,767.72
08/08/2019,Uber,1865
Dec 26th 22,UBER-uber (ONLIsE)," USD -1,067.76"
Jun 20th 22, walmart.COM,$21.38
17 Mar 20,cAr wAsh PRo,$ 1149.19
Nov 25th 20,ACH  doordash  [AUTO.*UBR],USD392.19 
12/01/2021,SQ*lyft  INC,$ 664.20
02/15/2019,OLIVE  GARDEN,$809.62
Oct 15 2025,POS  car  wash  pro  ,$1564.90
26-8-20, Shell Oil," USD-1,775.48"
7-6-24, airbnb INC,"1,110.19 USD"
5/3/2025,UBER-aMAzOn MARketPLaCe,$728.29
2021-03-26,SQ*PANDAEXPRESS, USD2172
23-7-24,SQ*mcdonalds (O(EATS)NLINE),"USD 2,130.74"
1 Aug 22, MACY'S,1882 
Jul 29th 23,UBER *TRIP,1855.38
04/08/2023,INSTACART.COM,921.10
2021-1-19,APPLE LTD,"$2,163.40"
Jan 3rd 23,SHeLL gAs .*UBR ,$498.16
10/4/2019,WAL-MART  LTD  ,2375.41 USD
11/21/2022,POS  INSTACART,$ 391
2021-6-28,Instacart,-9.17
Jan 15 2023,PAYPAL*Uber Eats ,$ 778.41
08/12/2021,  Lyft,632.59 USD
29 Jun 22,Apple Services INC .*,USD-1662
2020-2-20,m(EATS)udOnAlDS  , USD 280.26
Apr 27 2021,+  GOOGle  *serVicEs,979.00 USD
Sep 23rd 22,? #iNSTaCaWt,"1,074USD"
7/20/2022, Netflix.Com,"$ 1,476.10"
Dec 26 2020,home depot,"2,220USD"
2023-8-11,instacart ,"1,736.41"
03-03-20,spotify  pmnt,$780.77
May 21 2025,PO  Netflix  LTD  ,"$ 1,020.15"
8-9-23,#CAR WASH PRO ,937.27USD
Mar 23 2022, #MCDONALD'S LTD,"1,919.98 USD"
25-07-19, CMSTCO LTD, -1658.69USD
8 Jun 2023,UBEz,USD823.34
4/22/2022, UBER-Gym Membership,"$1,825"
2024-02-25, shell oil,$ 274.95
Feb 14 2025,NETflIX.com,2162.77USD
Nov 5 2023,ACH  cZr  Wash  pro  LTD,$ 1459.58
23 Oct 20,Home Depot *PMT,USD602.96
Jul 12th 23,ACH spotify ?,1250.27
Apr 23 2023, UBER-uber,416USD
29 Dec 2024,#car  wAsH  pro, $178.20
Aug 8 2019,Apple.Com/Bill,"USD1,008.37"
03/10/2024,(EATS) SpOtIfy (ONLINE),1360.85 USD
Jul 6th 25,UBER-BEST BUY,$ -22
24 Oct 2023,POS  target  ,$ 215
Feb 23rd 22,Spotify ?,"1,363.64 USD"
12/13/2022,Starbucks Coffee [AUTO],USD1908 
Feb 23rd 19,ACH WALMART ,"USD2,331.30"
01/19/2019, dooYdash,USD1422.10
8/22/2023,spotify  pmnt,USD497.35
Feb 23 2023,(EATS) UBER.COM,USD1753
Nov 13 2021,SQ*LYFT,USD 1268.78
16-02-23, shellhgas,USD 896.30
7 Jul 2019,Starbucks,USD2467.54
2020-7-26,Spotfy ? ,"$2,397.06"
26 Aug 2025,sushi house,$ 2001.12
22 Apr 2021,#Airbnb.COM ,"$ 1,061.16"
11/17/2021,POS  Olive  Garden,669.84 USD
10/14/2025,ta[TRIP]ret ,315 USD
2025-11-26,apple.com/bill,473.10
29 Jun 21,STARBUCKS ,"1,314.65 USD "
11/19/2023,  Wal-Mart  INC,"$ 1,700"
Sep 22 2025,POS  uber  INC  ,669.16
Sep 10 2023,  ACH  instacart,USD 789.36 
Sep 29 2023,insta[TRIP]cart,USD 1580.68
27 Nov 2023,PAYPAL*Amzn,"1,143 USD"
5/23/2021,DOORDASH,1683.54 USD
Dec 18th 19,ACH  Google  *Services,$-911
21 Apr 23,  MCD  (ONLINE),"2,390"
16 Jun 24,GOOGl pLay,365.14
8/25/2020,GooglE *sERvICES [AUTO],"USD2,406.82"
May 16th 21,INSTACART,2324.39USD
9 Sep 20,MCDoNaLD'S,"2,431.08USD"
2022-2-8,POS Uber[AUTO] (EATS),"1,503.44"
2 Aug 21,#car Wash PRo,75.75 USD
12-02-19,  Macy'S,$ 77.09
8 Jul 20,UBER-Taret ,1672.25
Feb 19th 25,NETFLIX  LTD,-354.77
12/10/2023,Apple  Services  [AUTO]  ,$9.50
4 Sep 2023,starbucks  coffee  [AUTO]  .*,"USD1,625.96"
Mar 7 2022,PAYPAL*Apple,"$2,161 "
05/12/2022,sTarBUcks,$58.04 
Mar 22nd 25,mcdonalds ,625
Oct 23rd 23,Car wash prO,1336.60
01-05-23,UBER-lYfT, USD 1349
9/12/2019,Uber Eats,$2260
5/12/2019,InStACarT  +," USD 1,170.79"
28-4-24,Starbucks  Coffee.COM,USD 2273
7/2/2022,Target.COM,2266
2020-04-10,hoMe  dEPOT  *PMT,"1,428.75"
01-12-19,GOOGLE *SERVICES,$713.42
27-12-22,[] PAYPAL*INSTACART *PMT,$865.02
Sep 26 2021,.* apple,"USD1,061"
18 Jun 21, NETflIx,"$-1,826.53"
23-09-24,Apple,46.41 USD
24 Jun 2023,STARBUCKS,USD 2362.98
Jul 16th 24,McdonIld'S.COM ,"$ 2,086.32"
2025-06-26,#wal-mart *PMT,$ 86.29
18 Sep 2022,  GOOgle, USD 2264.64
2 Jan 2025,Walmart  gupercenter,"-2,489.92USD"
06/04/2019,mcD,USD 1753.50
24 May 19, #apple sErvIceS *PMT,"$ 1,806.48"
Jun 7th 21, home depot,$981.13
06/20/2021,POS Instacart [AmTO],400.17USD
Feb 19th 21,BEsT  Buy,USD 338.58 
05/12/2025,ACH  spotify,USD 1542.96 
Jul 8th 19, #mCdonALD'S,312.11
Sep 5th 24,#Shell  Gas,$ 2198.62
Aug 14 2022,TARGEI  LTD,"$2,370.57"
15 May 2019,POS Doordash.COM ,$764.04
25-8-19,SPotIFY,2102 USD
Dec 16 2024,uber  ets  ,USD 1094.74
12 Dec 25,[] MCD *PMT,USD961.00 
Jul 3rd 22,WAlmArt,"$ 2,400.76"
3 Feb 2022,target,657 USD
11/3/2022,TARGET LTD,USD 411.60 
25-08-19, mcdonalds (ONLINE) [TRIP],USD2413.65
2/3/2020,Mcdonal'S,211.62 
10/14/2023, MCDONALD'S,1871.22
Jan 6th 22,#AMAZON MARKETPLACE.COM [TRIP]," USD1,634"
25-08-20,? CITY UTILITIES [AUTO], 507.28
2023-03-06,mcd, USD-1850.23
Jun 27 2025,UBER,244
2025-7-2,SHELL,"-1,401.86"
29 May 2020,NetFL?Ix,"$1,729.66"
05/31/2022,ubER  TEcHNOLOgies  *PMT,"USD1,808.31"
Nov 19th 23,SQ*Arbnb Pay,"2,185.95"
9 May 2022,#TARGET  STORE  ,417.56 USD
4-1-24,Spotify.COM ,$ 77
02/15/2023,Starbucks ,2342.00
28-02-22, APPLE SERVICES [AUTO],$ 1381.55
Feb 25 2025,LYFT RIDE (),USD 599.57
2025-2-26,TargeT ,$ 2419.89 
Jul 16th 20,Lyft Rie,955
2024-6-18,POS target,$1484.81 
2024-12-11,Google  *Services,2280
Oct 31 2022,starbucks coffee (ONLINE),1823USD
2020-05-01,SQ*Doordah LTD,"2,266.25"
2022-10-06,tarVet,2067.87 USD
May 24 2022,POS  amazon  marketplace,190
13 Feb 2023,#NEtflIx.coM [AUTO],$ 2155.24
Jun 13 2023,UBER-CAR WASH PRO,2335
03/08/2025,+ COSTCO WHFLESALE,$ 209.88
15-6-25,m+cdonalds,"1,215"
Oct 11 2025,[]UBER-Netflix.Com  ,"1,021"
May 06 2021,costco  [AUTO],"USD 1,060.90"
12 Feb 2025,SQ*dooRdsH.COM,984.04USD
Feb 18th 23,TArgeT (),1858USD
Nov 29th 19,SQ*Uber Eats,882.34
Dec 5th 24,SQ*SHELL OIL," $1,277.52"
2021-01-14,CaR WASH Pro,"1,687.24 USD"
10/12/2024,Amazon Marketplace, $168.23
14-07-24,[]  UBER-gOOGle  pLAY  (ONLINE)  ,"USD2,241.14 "
12-07-25,dOOrDaSh  INC,$ 844.31 
2020-1-4,iNStACaRt (ONLINE),$ 133.74
Mar 13 2019,ACH  amzn  INC,656.82
21 Oct 2020,rtarbucks  coffee," $2,130.73"
Mar 16th 20,Airbnb  Pa,USD1428.09 
06/28/2022, #Inztacart,576.52USD
4 Sep 2021, MCDONalD'S (O()NLINE)," USD1,652"
2023-12-28,mcdonalds,997.57
Jun 03 2025,Gym mEMBERShip,751.87
1/20/2020,olive garden.*.COM ,USD 838 
13-12-24, tarGet,"1,769.09 USD"
Mar 7th 20,Airbnb.COM,USD1715.50
Jan 18 2020,SHELL GAS,"1,961.58USD"
23 Mar 23,PAYPAL*target stor+e,USD 373.63 
3 Jan 22,Instacart *PMT ,USD854.72
9/1/2022,  .*UBR  PAYPAL*instacart  ,"2,061.85 USD"
26-3-25,#wal-mart,"$ 1,347"
3 Dec 2024,UBER-AIRBNB,376.57
2019-4-28, SQ*NETFLIX ,$2355.45 
Jul 19 2019,Mcdonald'S  ,1098.62USD
05-10-19,  Wal-Mart.COM,$487
2/22/2019,SQ*best buy,714.80
May 11th 23,lyft ride,"1,805.55 USD"
28-06-21,[TRIP] PAYPAL*Lyft ,USD37.37
7/28/2021,TArG()Et,616.62
2023-10-21,Gym  Membership  (ONLINE),"$ 2,194.12"
2025-04-09,#sTArKUcks,$1922.59
5 Mar 22,PAYPAL*AMZN (),239.53
Jul 18 2024,UBER-AIRbNb  PaY  (ONLINE)  ,676.51
06-11-25,#olive garden,$ 670.18
2023-1-24, walMlrt LTD ,676 USD
Jan 02 2023,city utilities ,"$ 1,992.67"
26-06-22,WALMART .*UBR,2429.61
12 Mar 2023,  Apple.Com/Bill,1194.71
28 Jun 2025,PAYPAL*AMAZON,435.44
2020-12-21,Instacart  ,2306.36
6-10-20,COstcO,USD-2380.22
26 Oct 23,  Google  Play  INC,USD2492.49
Nov 06 2019,airbnb  ,$ 2434.26
19 May 21, SQ*Lyft,466.66
Nov 28th 22,  wOl-mart  ,771.58
2024-04-11,.*UBRstarbucks  (ONLINE)  ,$2151.64
2024-10-17,AMAZN  MARKETPLACE  ,309.62
22-3-23,OlIvE GaRdEN,"1,964 USD"
7 Dec 23,#sheLL.COM,$2005
Oct 24th 23,target,"1,853.49USD"
2023-5-2,TArGET,1715.08
08/20/2022,Spotify  Pmnt,"$1,172.65"
2 Jan 2025,oGoogle  Play  LTD,1805.15
2020-06-10,() MCD,"$2,321.27 "
Feb 23rd 24,ACH  netflix.COM  ,2135.73 USD
Sep 26th 19,#COSTCO WHOLESALE,USD 1051.58
Jan 26th 21,  DOORDASH*ORDER  , -1097
Oct 7th 25,PANDA  EXPRESS  LTD, $ 2200.08
Jun 28th 23,Starbucks  (ONLINE),625.33 
2020-11-8, AIRBNB,1538
Jan 13 2019,POS Doordah*Order,988
Dec 30th 25,STARBUCKS (ONLINE,"1,754.99"
2022-4-11,POS Lyft Ride,2047.90USD 
25 Oct 2019,  UBER-starbucks  (ONLINE),876.31USD 
May 18th 24,Lyft Ride (ONLINE) ,128.99USD
Nov 22 2020,PAYPAL*sushi  house,$1167.96
12 Oct 23,google  *Se?rvIcES  LTD,"2,140.22"
11/25/2021,sushi  house,"USD2,000"
Jan 26th 20,Olive Garden,129.47
Aug 8th 22,Costco,"USD2,353.29"
02-01-22,PAYPALDOORDASH*ORDER,847 USD
06/12/2025, #NeTfLIX INC,$-46.97
4 Nov 21,UBERpanda  express  +,$315.34
31 Jan 19,airbnb  PAy  ,$ 970.23
10-7-24,AIRBNB ,"1,934"
2020-4-9,POS OLIVE GARDEN,USD 1347.41
22-08-24,#mcdonalds  ,"1,129 USD"
Aug 04 2021,? lowe's [AUTO],$1208.60 
08/22/2019,mcd (ONLINE) ,756.84USD
28-3-19,INSTACART (ONLINE),1626.99
10/08/2024,inStacArt *PMT,$ 536
14 Feb 2019,POS apple services (ONLINE),$ 1454.23
16 Sep 24,(EATS)  walmart  supercenter  INC, 1132
07/08/2022,AppLE SeRVIcEs ,2322
Sep 11th 24,#starbucks coffee ,2102.80USD
22-7-22,SHELL [AUTO] ,1265 USD 
8/1/2024,[TRIP]  WALMART  SUPERCENTER  , USD842.22
2022-07-01,netflix  [AUTO],2082.64 USD
Mar 12 2023,Netflix INC ,608.46
2020-4-25,CHIPOTLE  [AUTO],1491.77USD
08/22/2019,doORDASH LTD,$92.91
2020-01-12,mcy's,228.26 USD
Nov 27 2019,AMAzON,516.63
7/30/2022,spotify pmnt LTD,USD1993.96
Jan 14 2025,INSTACART ,2167.28
23 Oct 22,GoogLe IdC,$ 1342.71
Feb 4 2025,SQ*shel,$ 234.78
04/13/2021,()  INSTACART,"-1,554.33USD"
Sep 04 2024,UBER-apple.com/bill,USD249.09
Dec 17th 25,Chipotle INC,"$1,730.63"
25-05-25,  ()  TARGET  STORE,"USD 2,243.71"
09-11-22,#Starbucks ,"$2,249.79"
Jul 31st 20,POS  googe  play,"1,391.15"
2021-08-05, wALMARt SupErcEnteR,583.77
27-3-23,UBER  TECHNOLOGIES  LTD,"1,210.97"
06-09-24,Lyft Ride,"USD 1,067.32"
11 Dec 24,Shell Gas ,"USD2,480.35"
12/20/2019,SQ*mCdOnalD'S LTD,$ 97.38
Nov 8 2022,Starbucks LTD ,USD 2354
2020-1-9,SHEL  ,137.95USD
Aug 14th 25,starbucks coffee ,USD635
02-10-21,mcd LTD ,"USD 1,208.40"
28 Feb 19,ACH APPLE SERVICES LTD,"$2,416"
12/19/2024,#lYfT (ONLINE),672.34
2019-12-23, Spotify *PMT,"1,934.78USD"
Dec 16th 24,ACH lyft rkde,$74.18 
07/17/2021,OliVe [TRIP]Garden.COM,$ 1867.61 
Sep 22nd 25,ACH WAL-MART ," USD 1,900.98"
6-11-19,Walmart INC,$29.37
Nov 14 2021, BEST BUY (ONLINE),2178
2025-6-22, GoOgLe *SeovICEs,"USD 1,927"
6-6-22,  Macy'S  ,"1,983USD"
28 Mar 2021,SPOTIFY PMNT,$ 251
2023-3-4,  PAYPAL*car  wash  pro  *PMT,"$1,760.89"
2025-10-9,POTIFY,"$1,892"
Jul 9th 23,ACH  Sushi  House  ,USD-70.71
09/17/2025,lyf,USD436.65
Jul 23rd 19, POS Apple,470 USD
Feb 9th 25,[]  aPple  seRViCEs  (ONLINE),1058
2023-10-28,DOORDASH*ORDER  ,73.73USD 
28-12-22,POTIFY," 1,224.14USD"
Oct 12 2020,UBER-airbnb pay ,"$ 1,393.38"
4 Mar 2025,SQ*SmOTIFY.COM  ,$1087.68
06/27/2020,ACH sushi house LTD,679.06
Dec 24th 21,UBER-?GOOGLE  *SERVICES  *PMT, 2014
4/23/2019,POS netflix.com *PMT,"$ 1,792.75"
24 Sep 23,PAYPAL*nETFLix.CoM,USD-198.29
19-02-21, Wal-Mart ,"$1,200"
29-04-20,ACH  SHELL,637.89USD
10/20/2020,TARGET.COM,247.03 USD
Sep 17 2020,#google  play  (ONLINE)," USD 2,378.20"
Feb 24th 20,SQ*wal-mart," USD 2,495.05"
25 Dec 2022,netflix  [AUT],662.66 USD
Aug 5th 25,POS google play,$ 613.16
07-10-19,Best  Buy.*,USD294.19
Nov 1st 23, POS AppLE seRViCES *PMT,330.61
Apr 16 2019,SQ*gOOGLE *serviCES LTD,1280
Aug 19th 22,iNstAcART.COM,USD440.73
2024-4-16, [TRIP] chIPoTle,"1,258.67USD "
Jan 8th 20,.* COSTCO WHOLESALE,1037.67 
9-6-23,APPLE SERVICES ,2456.30
2021-4-26,SQ*chipotle,USD 122.44 
Mar 6 2022,.*  Gym  Membership  *PMT  ,"$1,614"
Oct 03 2024, #mcdOnaLds *PMT ,$977.52
07/22/2021,  spotify.COM,USD659.21 
24-7-20, ACH MacynS INC,365.84
Sep 4th 20,INSACART,USD 2159.03
Aug 22nd 23,Uber Eats (ONLINE) ,USD840.36
12/26/2022,SQ*lyft ride,USD1283.86
2019-03-09, #lyft ,"$ 1,826.73"
10 Sep 2020,+ walmart supercenter LTD,1616.74
Aug 4th 25,INSTACART+ LTD ,937.81
Jul 27 2020,() Sushi House *PMT,USD464.67
2024-9-18,PAYPAL*Mcdonalds,2379 USD
17 Oct 2020,SHELL,"$ 2,337.63"
30 Mar 19,ACH  Amzn, $2122.15
2022-02-25, POStarget store [AUTO] (EATS), 528.90 
Dec 14 2020,ApPlE  *PMT, 125.02USD
Sep 19 2021,UBER  TECHNOLOGIES  *PMT  (),642.77USD
Feb 3 2019,Uber,1222.05USD
Oct 8 2021,cOsTcO whOleSale INC ,$ 750.66
Apr 24 2019,net[]flix  *PMT,USD 110
19 Nov 21,doordash*order,1906.04 USD
2021-03-04,Costco Wholesale,1746.52USD
Feb 7th 23,+ #CHIPOTLE , 1731.24
2020-5-1, uber technologies,USD 545
Feb 04 2025,POS Lyft Ride ,-684.84
Dec 31st 24, AMAZ(EATS)ON MARKETPLACE,$ 2449.93
25 May 2023,airnb pay [AUTO] ,"USD 1,444.97"
Jun 19 2021,#lOWe'S,426
Feb 17th 25,airgnb  [AUTO],626.30
19 Nov 2019,[]MCDONALD'S,1074.04
25-4-22,() MAzON MarKetpLAce,"1,516USD"
Feb 17 2019,starbucks co?ffee,USD 237
7 Aug 19, uer techno[]logies LTD,$363.03 
25 Jul 20,uber *trIp INC,2437.22USD 
11/29/2020, netflix.com *PMT,824.24
Nov 26 2020,SHELL OIL ,739.69USD
Nov 07 2024,POS DOORDASH LD,$ 271.78
Jul 31 2022,DOORDASH*ORDER LTD ,"USD -1,059.80"
2021-10-06, M[]cd INC,USD 797.24
Sep 25th 25,SQ*aMzn,"1,830.17 USD"
21-12-22,LYFT INC,"USD 1,773 "
Apr 12th 20,  Google  Play  (ONLINE),USD 345.03 
Mar 4th 20, ACH (EATS)STARBUCKS (ONLINE) ,USD 1406.65
09/04/2021,lyft ride,"1,494.68"
Aug 22 2023, SuSHi hoUs?E,USD878.81
2019-3-23, [] PAYPAL*CITY UTILITIES,"USD 1,706.62"
2019-2-17, UBER-instaCart,-521.29 USD
Mar 29 2024,TARGET  STORE,"1,912.76USD"
Jan 21 2020,[TRIP] Amazon Marketplace, 17
2025-11-18,POS OLIE GARDEN,"USD 2,140.76"
2019-08-01,Netflix [AUTO],USD327
23-01-24, Uber Technologies ,"1,604.09"
19 Mar 2023, SPOTIFY,USD239.51
Aug 6th 19,amazon marketplace.COM,USD 812.24
20 Dec 2023,.*UBR  #amzN,498.94USD
04/28/2023,MacY's *PMT ,$24.39
10/13/2020,shell  oil.COM, USD 1381.79
4/17/2020,+ gy membership *PMT , USD 1756.36
10 Nov 2020,POS  spotifyH(ONLINE),USD 1510
2023-02-06,POS Spotify,"2,213.73"
Oct 04 2022,NETFLIX.COM *PMT ,"1,073USD"
Jan 19th 23, EaMAzon,1314.46
2024-3-16,Doordash (ONLINE),USD776.30
2022-05-12,SPOTIFY,$ 1284
17 Jun 2021,  SQ*aPpLe,"1,325"
Nov 5 2020,[TRIP]  UBEI-GOOGLE  *SERVICES  *PMT,USD818.32
4 May 2022,stARbUcks  coFFEE  *PMT, 104.19USD
Jul 15 2023, netflix,$ 93.73
2025-02-20, POS LYft RiDe INC,296.15 USD
Jul 15th 24,#AiBBNB pAY ,"1,839.83USD"
27-12-24, LYFT RIDE IGC,76.24 
26 Oct 19,PAYPAL*GOOGLE *SERVICES,"USD1,812.71"
Nov 16th 23,#Apple,"1,115.30 USD"
07/24/2025,Chipotle,"$ 2,373.80"
Jun 29 2023, Starbucks,604USD
1/19/2021,ACH UBER TECHNOLOGIES,USD1149.87 
Apr 12th 20, Sushi House,USD 128.74
07/27/2019,lyft,1696 USD
21 Apr 2025,.*#GYM  MEMBERSHIP  ,$ 2049.78
Aug 2nd 22, ACH SHELL,$ 85.67
10/28/2025,ACH UBER TECHNOLOGIES,919.87
Oct 27 2025,SQ*Mcdonald'S,2291.23 USD 
28 Sep 22,PO[]S  doordash,328.76
Apr 18th 23,xmazOn,523.55 USD
01/21/2022,Walmart Supercenter [AU.*TO],1685.70
25 Jan 25, POS Mcdonald'S,1007.23USD 
Aug 7 2021,#car WAsh pRO ,"USD 2,116"
Mar 13 2020,  mcdonald's.COM,USD 690.63
13-5-25,  LOwe'S.COM  [],495 USD 
2019-04-15,? SQ*Mcdonalds ,610.54
2020-12-21,ACH  AIRBNB  *PMT,769.30 USD
4/18/2019,LYFT  INC,$1406.70
08-03-22,Uber Eas LTD ?,1461.11 USD
2022-3-29, Amazon Marketplace,507 USD 
2020-07-11,WALMART  SUPERCENTER  ,USD381.65
Jan 15th 25,SQ*OLIVEAGARDEN [AUTO],$ 2099.69
11 Nov 2020,POS AIRBNBINC,USD768.32
10-5-20, instacart,"USD 1,633.80 "
2023-10-16,DOORDASH,$339.44
2025-10-27,DOORDASH  (ONLINE),980.49
26 Nov 2025,gym membership,USD1060.76
26 Oct 2021,Uber, 613 
13 Mar 2025,SQ*DOORDASH,"$2,331"
14 Oct 22,ome Depot LTD, 675.74
2024-7-22,UBER-doordash,"1,546.25USD"
20-2-23,UBER-Best  Buy  ,"USD 1,113.30"
7/21/2024,Airbnb Pay,$ 1430.45
31 Dec 23,ACH TARGET,925USD
Jun 5th 25,  SHeLL.COM  ,"USD1,581.32 "
2025-01-15,instacart *PMT .*,1688.00 USD
2023-12-16,uber technologies [AUT],USD-472.38
04/20/2023,costco wholeale,$ 1526
Apr 13 2019,starbucks ,2455.64USD
Aug 28 2025, amZn,784.06
Oct 4th 19, City Utilities LTD, $11.61
10-5-19,? UBER-mcdoNAlDS INC,USD 503.67
12-02-19,CO[]STCo  LTD," 2,041"
24-5-21,  Sell.COM,605.56
06/17/2021,Mcdonald'S,USD1582.41
Aug 19th 22,airbnb ,"2,023 USD"
Nov 14 2019, ACH LYFT RIDE INC,USD 1228.60
